ECP Box 401,ADAMS STREET PROPOSAL,Batch 1\ECP Box 401\ADAMS STREET PROPOSAL.pdf
ECP Box 401,WEST ALLEN STREET,Batch 1\ECP Box 401\WEST ALLEN STREET.pdf
ECP Box 401,CORRESPONDENCE 93 PW02,Batch 1\ECP Box 401\CORRESPONDENCE 93 PW02.pdf
ECP Box 401,ALLENDALE AND WALNUT STREET PIKE - SMALL DRAINAGE PROJECT,Batch 1\ECP Box 401\ALLENDALE AND WALNUT STREET PIKE - SMALL DRAINAGE PROJECT.pdf
ECP Box 401,312 ARBUTUS,Batch 1\ECP Box 401\312 ARBUTUS.pdf
ECP Box 401,ARDEN DRIVE - ARDEN PLACE,Batch 1\ECP Box 401\ARDEN DRIVE - ARDEN PLACE.pdf
ECP Box 401,"ATWATER, 3RD AND WOODLAWN SIGNALS","Batch 1\ECP Box 401\ATWATER, 3RD AND WOODLAWN SIGNALS.pdf"
ECP Box 401,BLOOMINGTON DIGITAL UNDERGROUND,Batch 1\ECP Box 401\BLOOMINGTON DIGITAL UNDERGROUND.pdf
ECP Box 401,BDU AS BUILTS AND PLANS,Batch 1\ECP Box 401\BDU AS BUILTS AND PLANS.pdf
ECP Box 402,95PW09-BLACK LUMBER DITCH,Batch 1\ECP Box 402\95PW09-BLACK LUMBER DITCH.pdf
ECP Box 402,BLOOMINGTON HOSPITAL,Batch 1\ECP Box 402\BLOOMINGTON HOSPITAL.pdf
ECP Box 402,BLUEBIRD NIGHTCLUB,Batch 1\ECP Box 402\BLUEBIRD NIGHTCLUB.pdf
ECP Box 402,BRICK STREETS,Batch 1\ECP Box 402\BRICK STREETS.pdf
ECP Box 402,BUS TURN-AROUND SMITH-GRANDVIEW,Batch 1\ECP Box 402\BUS TURN-AROUND SMITH-GRANDVIEW.pdf
ECP Box 402,BASSWOOD DRIVE AT STATE ROAD 45,Batch 1\ECP Box 402\BASSWOOD DRIVE AT STATE ROAD 45.pdf
ECP Box 402,BROWNFIELD PROJECTS,Batch 1\ECP Box 402\BROWNFIELD PROJECTS.pdf
ECP Box 402,93PW33 CASCADES PARK LOT,Batch 1\ECP Box 402\93PW33 CASCADES PARK LOT.pdf
ECP Box 402,"CLIFTON AVENUE, SOUTH DRAINAGE","Batch 1\ECP Box 402\CLIFTON AVENUE, SOUTH DRAINAGE.pdf"
ECP Box 402,CLARIZZ BOULEVARD,Batch 1\ECP Box 402\CLARIZZ BOULEVARD.pdf
ECP Box 402,CLARIZZ BOULEVARD PROJECT,Batch 1\ECP Box 402\CLARIZZ BOULEVARD PROJECT.pdf
ECP Box 402,TRAFFIC SIGNAL INSTALLED BY STATE LOCATED AT STATE ROAD 46 AND CLARIZZ BOULEVARD,Batch 1\ECP Box 402\TRAFFIC SIGNAL INSTALLED BY STATE LOCATED AT STATE ROAD 46 AND CLARIZZ BOULEVARD.pdf
ECP Box 403,"EAST THIRD STREET, TO 1000 FEET ALONG THE SOUTHEAST SIDE OF CLARIZZ","Batch 1\ECP Box 403\EAST THIRD STREET, TO 1000 FEET ALONG THE SOUTHEAST SIDE OF CLARIZZ.pdf"
ECP Box 403,COLLEGE AVENUE BIKE LANE 7TH STREET TO 11TH STREET,Batch 1\ECP Box 403\COLLEGE AVENUE BIKE LANE 7TH STREET TO 11TH STREET.pdf
ECP Box 403,CONVENTION CENTER EXPANSION LOT 95PW10 PARKING LOT ADDITION B.H. MARLIN,Batch 1\ECP Box 403\CONVENTION CENTER EXPANSION LOT 95PW10 PARKING LOT ADDITION B.H. MARLIN.pdf
ECP Box 403,COLLEGE MALL & SARE,Batch 1\ECP Box 403\COLLEGE MALL & SARE.pdf
ECP Box 403,COMMUNITY LAND TRUST,Batch 1\ECP Box 403\COMMUNITY LAND TRUST.pdf
ECP Box 403,REDEVELOPMENT RFP FCONVENTION CENTER PARKING,Batch 1\ECP Box 403\REDEVELOPMENT RFP FCONVENTION CENTER PARKING.pdf
ECP Box 403,CONVENTION CENTER LOT MISCELLANEOUS INFORMATION 95PW10,Batch 1\ECP Box 403\CONVENTION CENTER LOT MISCELLANEOUS INFORMATION 95PW10.pdf
ECP Box 403,W COTTAGE GROVE (ADAMS TO MONROE),Batch 1\ECP Box 403\W COTTAGE GROVE (ADAMS TO MONROE).pdf
ECP Box 403,COTTAGE GROVE - WEST PHASE I,Batch 1\ECP Box 403\COTTAGE GROVE - WEST PHASE I.pdf
ECP Box 403,"COTTAGE GROVE, W.  SUMMIT ST. DRAINAGE","Batch 1\ECP Box 403\COTTAGE GROVE, W.  SUMMIT ST. DRAINAGE.pdf"
ECP Box 403,CURRY PIKE & SR 48 (WHITEHALL),Batch 1\ECP Box 403\CURRY PIKE & SR 48 (WHITEHALL).pdf
ECP Box 403,COVENATER BRIDGE WIDENING,Batch 1\ECP Box 403\COVENATER BRIDGE WIDENING.pdf
ECP Box 403,95PW19 COVENANTER SIDEWALK (HIGH ST. - NOTA DR),Batch 1\ECP Box 403\95PW19 COVENANTER SIDEWALK (HIGH ST. - NOTA DR).pdf
ECP Box 403,95PW19 COVENANTER SIDEWALK (HIGH ST. - NOTA DR.),Batch 1\ECP Box 403\95PW19 COVENANTER SIDEWALK (HIGH ST. - NOTA DR.).pdf
ECP Box 403,95PW19 COVENANTER SIDEWALK (HIGH ST. - NOTA DR.),Batch 1\ECP Box 403\95PW19 COVENANTER SIDEWALK (HIGH ST_01. - NOTA DR_01.)_01.pdf
ECP Box 403,95PW19 COVENANTER SIDEWALK (HIGH ST. - NOTA DR.),Batch 1\ECP Box 403\95PW19 COVENANTER SIDEWALK (HIGH ST_02. - NOTA DR_02.)_02.pdf
ECP Box 403,95PW19 COVENANTER SIDEWALK (HIGH ST.- NOT A DR.),Batch 1\ECP Box 403\95PW19 COVENANTER SIDEWALK (HIGH ST.- NOT A DR.).pdf
ECP Box 403,95PW19 COVENANTER SIDEWALK (HIGH ST.- NOTA DR.),Batch 1\ECP Box 403\95PW19 COVENANTER SIDEWALK (HIGH ST.- NOTA DR.).pdf
ECP Box 403,95PW19 COVENANTER SIDEWALK (HIGH ST.- NOTA DR.),Batch 1\ECP Box 403\95PW19 COVENANTER SIDEWALK (HIGH ST_01.- NOTA DR_01.)_01.pdf
ECP Box 404,CURRY PIKE PROJECT #00PW01,Batch 1\ECP Box 404\CURRY PIKE PROJECT #00PW01.pdf
ECP Box 404,DAVIS STREET RET WALL 1989 CDBG,Batch 1\ECP Box 404\DAVIS STREET RET WALL 1989 CDBG.pdf
ECP Box 404,DUNN STREET NORTH,Batch 1\ECP Box 404\DUNN STREET NORTH.pdf
ECP Box 404,95 NORTH DUNN STREET SWK,Batch 1\ECP Box 404\95 NORTH DUNN STREET SWK.pdf
ECP Box 404,NORTH DUNN STREET MULTI-USE PATH AND TRAFFIC CALMING LOT 4-7,Batch 1\ECP Box 404\NORTH DUNN STREET MULTI-USE PATH AND TRAFFIC CALMING LOT 4-7.pdf
ECP Box 404,NORTH DUNN STREET MULTI-USE PATH AND TRAFFIC CALMING LOT 4-7,Batch 1\ECP Box 404\NORTH DUNN STREET MULTI-USE PATH AND TRAFFIC CALMING LOT 4-7_01.pdf
ECP Box 405,DUNSTAN DRIVE PH. 1 STORM DRAINAGE 95PW06 STORM DRAINAGE B.H. MARLIN,Batch 1\ECP Box 405\DUNSTAN DRIVE PH. 1 STORM DRAINAGE 95PW06 STORM DRAINAGE B.H. MARLIN.pdf
ECP Box 405,PROJECT 93RD35 8TH & ADAMS,Batch 1\ECP Box 405\PROJECT 93RD35 8TH & ADAMS.pdf
ECP Box 405,EAST-WEST CORRIDOR,Batch 1\ECP Box 405\EAST-WEST CORRIDOR.pdf
ECP Box 405,EAST-WEST CORRIDOR-QUESTIONAIRES,Batch 1\ECP Box 405\EAST-WEST CORRIDOR-QUESTIONAIRES.pdf
ECP Box 405,EIGHTH ST. FAIRVIEW TO ROGERS,Batch 1\ECP Box 405\EIGHTH ST. FAIRVIEW TO ROGERS.pdf
ECP Box 405,"ELEVENTH STREET, EAST","Batch 1\ECP Box 405\ELEVENTH STREET, EAST.pdf"
ECP Box 405,"EIGHTH ST., W. BOX CULVERT BETWEEN ROGERS & MORTONS","Batch 1\ECP Box 405\EIGHTH ST., W. BOX CULVERT BETWEEN ROGERS & MORTONS.pdf"
ECP Box 405,EIGHTH ST E. OF ROGERS,Batch 1\ECP Box 405\EIGHTH ST E. OF ROGERS.pdf
ECP Box 405,ELEVENTH AND BLAIR,Batch 1\ECP Box 405\ELEVENTH AND BLAIR.pdf
ECP Box 405,96PW13-STORM DRAINAGE 11TH AND BLAIR BOX CULVERT REPAIR,Batch 1\ECP Box 405\96PW13-STORM DRAINAGE 11TH AND BLAIR BOX CULVERT REPAIR.pdf
ECP Box 405,ELM ST.-REDEVELOPMENT PROJECT,Batch 1\ECP Box 405\ELM ST.-REDEVELOPMENT PROJECT.pdf
ECP Box 405,FESS-2ND TO ATWATER,Batch 1\ECP Box 405\FESS-2ND TO ATWATER.pdf
ECP Box 405,ELM ST. PROPOSAL,Batch 1\ECP Box 405\ELM ST. PROPOSAL.pdf
ECP Box 406,FIRST & LINCOLN VAULT,Batch 1\ECP Box 406\FIRST & LINCOLN VAULT.pdf
ECP Box 406,EAST 1ST STREET SIDEWALK 1995,Batch 1\ECP Box 406\EAST 1ST STREET SIDEWALK 1995.pdf
ECP Box 406,FIFTH STREET-EAST,Batch 1\ECP Box 406\FIFTH STREET-EAST.pdf
ECP Box 406,5TH STREET-WEST COLLAPSED CULVERT,Batch 1\ECP Box 406\5TH STREET-WEST COLLAPSED CULVERT.pdf
ECP Box 406,FAIRVIEW,Batch 1\ECP Box 406\FAIRVIEW.pdf
ECP Box 406,ELM HEIGHTS SCHOOL RAMP,Batch 1\ECP Box 406\ELM HEIGHTS SCHOOL RAMP.pdf
ECP Box 406,"FIRE STATION-ARTS COUNCIL, INCORPORATED","Batch 1\ECP Box 406\FIRE STATION-ARTS COUNCIL, INCORPORATED.pdf"
ECP Box 406,FOURTEENTH AND WALNUT ROAD REHABILITATION,Batch 1\ECP Box 406\FOURTEENTH AND WALNUT ROAD REHABILITATION.pdf
ECP Box 406,FOURTH AND WALNUT PARKING GARAGE,Batch 1\ECP Box 406\FOURTH AND WALNUT PARKING GARAGE.pdf
ECP Box 406,4TH AND COLLEGE 93PW28,Batch 1\ECP Box 406\4TH AND COLLEGE 93PW28.pdf
ECP Box 406,FOURTH AND DUNN PARKING LOT,Batch 1\ECP Box 406\FOURTH AND DUNN PARKING LOT.pdf
ECP Box 406,FIRE STATION - 4TH LINCOLN,Batch 1\ECP Box 406\FIRE STATION - 4TH LINCOLN.pdf
ECP Box 406,PARKING GARAGE REPAIRS 4TH AND WALNUT,Batch 1\ECP Box 406\PARKING GARAGE REPAIRS 4TH AND WALNUT.pdf
ECP Box 406,4TH AND WALNUT PARKING GARAGE,Batch 1\ECP Box 406\4TH AND WALNUT PARKING GARAGE.pdf
ECP Box 407,HEATHERWOOD MOBILE HOME PARK DRIVE AT DAYCARE FOR TRANSIT,Batch 1\ECP Box 407\HEATHERWOOD MOBILE HOME PARK DRIVE AT DAYCARE FOR TRANSIT.pdf
ECP Box 407,FRANKLIN STREET DEDICATION,Batch 1\ECP Box 407\FRANKLIN STREET DEDICATION.pdf
ECP Box 407,HENDERSON (HILLSIDE - THORNTON),Batch 1\ECP Box 407\HENDERSON (HILLSIDE - THORNTON).pdf
ECP Box 407,HENDERSON AND THORNTON SECTION,Batch 1\ECP Box 407\HENDERSON AND THORNTON SECTION.pdf
ECP Box 407,HAWTHORNE AND 3RD 1993,Batch 1\ECP Box 407\HAWTHORNE AND 3RD 1993.pdf
ECP Box 407,HENDERSON STREET SECOND TO ATWATER 93 PW 25,Batch 1\ECP Box 407\HENDERSON STREET SECOND TO ATWATER 93 PW 25.pdf
ECP Box 407,HENDERSON STREET - ATWATER TO 2ND,Batch 1\ECP Box 407\HENDERSON STREET - ATWATER TO 2ND.pdf
ECP Box 407,HIGH - HILLSIDE-MOORE'S PIKE,Batch 1\ECP Box 407\HIGH - HILLSIDE-MOORE'S PIKE.pdf
ECP Box 407,HIGH AND 2ND HIGH AND MOORES,Batch 1\ECP Box 407\HIGH AND 2ND HIGH AND MOORES.pdf
ECP Box 407,HIGH - HILLSIDE-MOORES PIKE,Batch 1\ECP Box 407\HIGH - HILLSIDE-MOORES PIKE.pdf
ECP Box 407,HIGHLAND ESTIMATE,Batch 1\ECP Box 407\HIGHLAND ESTIMATE.pdf
ECP Box 407,HIGHLAND AVENUE AT YMCA,Batch 1\ECP Box 407\HIGHLAND AVENUE AT YMCA.pdf
ECP Box 407,YMCA ROAD DEDICATION ENGINEERING FILE,Batch 1\ECP Box 407\YMCA ROAD DEDICATION ENGINEERING FILE.pdf
ECP Box 407,ACCESS ROAD TO YMCA OFF HIGHLAND COMPS AND DESCRIPTION,Batch 1\ECP Box 407\ACCESS ROAD TO YMCA OFF HIGHLAND COMPS AND DESCRIPTION.pdf
ECP Box 407,HIGHLAND AVENUE LEGAL DESCRIPTION FOR DEDICATION,Batch 1\ECP Box 407\HIGHLAND AVENUE LEGAL DESCRIPTION FOR DEDICATION.pdf
ECP Box 407,HIGHLAND AVENUE PHASE III,Batch 1\ECP Box 407\HIGHLAND AVENUE PHASE III.pdf
ECP Box 407,HILLSIDE DRIVE PROPOSAL,Batch 1\ECP Box 407\HILLSIDE DRIVE PROPOSAL.pdf
ECP Box 407,HILLSIDE EXTENTION 1990,Batch 1\ECP Box 407\HILLSIDE EXTENTION 1990.pdf
ECP Box 407,PROJECT 93RD13 HILLSIDE DRIVE PHASE I AT INTERSECTION OF HENDERSON,Batch 1\ECP Box 407\PROJECT 93RD13 HILLSIDE DRIVE PHASE I AT INTERSECTION OF HENDERSON.pdf
ECP Box 407,HILLSIDE DRAINAGE,Batch 1\ECP Box 407\HILLSIDE DRAINAGE.pdf
ECP Box 407,HILLSIDE DRIVE PHASE II AND III,Batch 1\ECP Box 407\HILLSIDE DRIVE PHASE II AND III.pdf
ECP Box 407,PROJECT 93RD13 HILLSIDE DRIVE,Batch 1\ECP Box 407\PROJECT 93RD13 HILLSIDE DRIVE.pdf
ECP Box 407,HILLSIDE DRIVE IMPROVEMENTS,Batch 1\ECP Box 407\HILLSIDE DRIVE IMPROVEMENTS.pdf
ECP Box 407,HILLSIDE DRIVE HUNTINGTON TO MAXWELL,Batch 1\ECP Box 407\HILLSIDE DRIVE HUNTINGTON TO MAXWELL.pdf
ECP Box 407,RIGHT-OF -WAY DOCUMENTS ORIGINALS PRE 1999 PROJECT FOR CURRENT DOCUMENTS PHASE III FILE,Batch 1\ECP Box 407\RIGHT-OF -WAY DOCUMENTS ORIGINALS PRE 1999 PROJECT FOR CURRENT DOCUMENTS PHASE III FILE.pdf
ECP Box 407,MOORES PIKE HILLSIDE AND HIGH,Batch 1\ECP Box 407\MOORES PIKE HILLSIDE AND HIGH.pdf
ECP Box 407,HILLSIDE DRIVE,Batch 1\ECP Box 407\HILLSIDE DRIVE.pdf
ECP Box 408,HILLSIDE DRIVE PHASE II 96PW01 ROAD -SEWER RECONSTRUCTION,Batch 1\ECP Box 408\HILLSIDE DRIVE PHASE II 96PW01 ROAD -SEWER RECONSTRUCTION.pdf
ECP Box 408,HILLSIDE DRIVE,Batch 1\ECP Box 408\HILLSIDE DRIVE.pdf
ECP Box 408,HILLSIDE AND HIGH 1990,Batch 1\ECP Box 408\HILLSIDE AND HIGH 1990.pdf
ECP Box 408,HILLSIDE - HENDERSON,Batch 1\ECP Box 408\HILLSIDE - HENDERSON.pdf
ECP Box 408,94PW05 HUNTER AVENUE CURB,Batch 1\ECP Box 408\94PW05 HUNTER AVENUE CURB.pdf
ECP Box 408,HUNTER STREET - PROPOSED,Batch 1\ECP Box 408\HUNTER STREET - PROPOSED.pdf
ECP Box 408,INDIANA AND KIRKWOOD RATIO ARCHITECTS PROJECT,Batch 1\ECP Box 408\INDIANA AND KIRKWOOD RATIO ARCHITECTS PROJECT.pdf
ECP Box 408,JACKSON STREET RESTORATION THIRD STREET TO FOURTH STREET,Batch 1\ECP Box 408\JACKSON STREET RESTORATION THIRD STREET TO FOURTH STREET.pdf
ECP Box 408,JEFFERSON STREET SIDEWALK AND DRAINAGE IMPROVEMENTS BETWEEN 7TH AND 8TH STREET,Batch 1\ECP Box 408\JEFFERSON STREET SIDEWALK AND DRAINAGE IMPROVEMENTS BETWEEN 7TH AND 8TH STREET.pdf
ECP Box 408,JORDAN REPAIR BEHIND TACO JOHNS,Batch 1\ECP Box 408\JORDAN REPAIR BEHIND TACO JOHNS.pdf
ECP Box 408,JORDAN AVENUE BIKE LANE PROJECT 3RD STREET TO 10TH STREET,Batch 1\ECP Box 408\JORDAN AVENUE BIKE LANE PROJECT 3RD STREET TO 10TH STREET.pdf
ECP Box 409,PROPOSAL ENGINEERING SERVICES FOR WEST KIRKWOOD AVENUE,Batch 1\ECP Box 409\PROPOSAL ENGINEERING SERVICES FOR WEST KIRKWOOD AVENUE.pdf
ECP Box 409,WEST KIRKWOOD HIGHWAY PHASE 4A,Batch 1\ECP Box 409\WEST KIRKWOOD HIGHWAY PHASE 4A.pdf
ECP Box 410,98PW07 NORTH KINSER SIDEWALK (SKYLINE DRIVE-BLOOMINGTON SOUTH),Batch 1\ECP Box 410\98PW07 NORTH KINSER SIDEWALK (SKYLINE DRIVE-BLOOMINGTON SOUTH).pdf
ECP Box 410,KINSER PK SIDEWALK,Batch 1\ECP Box 410\KINSER PK SIDEWALK.pdf
ECP Box 410,KIRKWOOD RESURF 1990,Batch 1\ECP Box 410\KIRKWOOD RESURF 1990.pdf
ECP Box 410,KIRKWOOD AVENUE RESURFACING COLLEGE AVENUE TO INDIANA AVENUE,Batch 1\ECP Box 410\KIRKWOOD AVENUE RESURFACING COLLEGE AVENUE TO INDIANA AVENUE.pdf
ECP Box 410,KIRKWOOD STREETSCAPE PH II PROJECT 99PW09,Batch 1\ECP Box 410\KIRKWOOD STREETSCAPE PH II PROJECT 99PW09.pdf
ECP Box 410,WEST KIRKWOOD STREETSCAPE PHASE 3,Batch 1\ECP Box 410\WEST KIRKWOOD STREETSCAPE PHASE 3.pdf
ECP Box 411,MONROE ST SIDE PATH 14TH ST TO 17TH ST,Batch 1\ECP Box 411\MONROE ST SIDE PATH 14TH ST TO 17TH ST.pdf
ECP Box 411,MONROE COUNTY,Batch 1\ECP Box 411\MONROE COUNTY.pdf
ECP Box 411,MONROE COUNTY COMMUNITY RATION SCHOOL CORPORATION,Batch 1\ECP Box 411\MONROE COUNTY COMMUNITY RATION SCHOOL CORPORATION.pdf
ECP Box 411,MORTON STREET BIKE LANE PROJECT 6TH STREET TO 11TH STREET,Batch 1\ECP Box 411\MORTON STREET BIKE LANE PROJECT 6TH STREET TO 11TH STREET.pdf
ECP Box 411,NORTHWOOD ESTATES,Batch 1\ECP Box 411\NORTHWOOD ESTATES.pdf
ECP Box 411,OLCOTT TRAIL AND BRIDGE INSTALLATION,Batch 1\ECP Box 411\OLCOTT TRAIL AND BRIDGE INSTALLATION.pdf
ECP Box 412,LIBRARY,Batch 1\ECP Box 412\LIBRARY.pdf
ECP Box 412,LOWHEAD 1502 DUNSTAN DRIVE,Batch 1\ECP Box 412\LOWHEAD 1502 DUNSTAN DRIVE.pdf
ECP Box 412,LE PETIT CULVERT 300 W. SIXTH ST.,Batch 1\ECP Box 412\LE PETIT CULVERT 300 W. SIXTH ST..pdf
ECP Box 412,MAXWELL LANE SIDEWALK FROM SHERIDAN TO CLIFTON,Batch 1\ECP Box 412\MAXWELL LANE SIDEWALK FROM SHERIDAN TO CLIFTON.pdf
ECP Box 412,MAXWELL LANE SIDEWALK (HENDERSON STREET TO MANOR ROAD) 99PW05,Batch 1\ECP Box 412\MAXWELL LANE SIDEWALK (HENDERSON STREET TO MANOR ROAD) 99PW05.pdf
ECP Box 412,LINCOLN & COTTAGE GROVE,Batch 1\ECP Box 412\LINCOLN & COTTAGE GROVE.pdf
ECP Box 412,LINCOLN ST 9TH TO 10TH,Batch 1\ECP Box 412\LINCOLN ST 9TH TO 10TH.pdf
ECP Box 412,HOME LAUNDRY LINCOLN & 3RD FUEL TANK,Batch 1\ECP Box 412\HOME LAUNDRY LINCOLN & 3RD FUEL TANK.pdf
ECP Box 412,MAXWELL LANE SIDEWALK PROJECT,Batch 1\ECP Box 412\MAXWELL LANE SIDEWALK PROJECT.pdf
ECP Box 412,MILLER COURTS,Batch 1\ECP Box 412\MILLER COURTS.pdf
ECP Box 412,MILLER DR PHIII-IV,Batch 1\ECP Box 412\MILLER DR PHIII-IV.pdf
ECP Box 412,MILLER DR PHASE I,Batch 1\ECP Box 412\MILLER DR PHASE I.pdf
ECP Box 412,MILLER DR. PHASE II,Batch 1\ECP Box 412\MILLER DR. PHASE II.pdf
ECP Box 412,MIRWIC FILM PLANT,Batch 1\ECP Box 412\MIRWIC FILM PLANT.pdf
ECP Box 412,MOORE'S PIKE,Batch 1\ECP Box 412\MOORE'S PIKE.pdf
ECP Box 412,MORNINGSIDE DRIVE,Batch 1\ECP Box 412\MORNINGSIDE DRIVE.pdf
ECP Box 412,MUNICIPAL PARK LOT SCHEMES JUNE 1990,Batch 1\ECP Box 412\MUNICIPAL PARK LOT SCHEMES JUNE 1990.pdf
ECP Box 412,BID RESULTS & QUANITIES,Batch 1\ECP Box 412\BID RESULTS & QUANITIES.pdf
ECP Box 412,ASPHALT TICKETS,Batch 1\ECP Box 412\ASPHALT TICKETS.pdf
ECP Box 413,PALMER-LINCOLN DRAINAGE 93RD11,Batch 1\ECP Box 413\PALMER-LINCOLN DRAINAGE 93RD11.pdf
ECP Box 413,PATTERSON DR SIDEWALK PROJECT,Batch 1\ECP Box 413\PATTERSON DR SIDEWALK PROJECT.pdf
ECP Box 413,95PW18 PATTERSON DR (ALLEN-2ND),Batch 1\ECP Box 413\95PW18 PATTERSON DR (ALLEN-2ND).pdf
ECP Box 413,PETE ELLIS SIDE PATH LONGVIEW TO STATE ROAD 45,Batch 1\ECP Box 413\PETE ELLIS SIDE PATH LONGVIEW TO STATE ROAD 45.pdf
ECP Box 413,PICTURES,Batch 1\ECP Box 413\PICTURES.pdf
ECP Box 413,PLAN SET,Batch 1\ECP Box 413\PLAN SET.pdf
ECP Box 414,PATTERSON DRIVE PEDESTRIAN ROUTE AND DRAINAGE IMPROVEMENTS,Batch 1\ECP Box 414\PATTERSON DRIVE PEDESTRIAN ROUTE AND DRAINAGE IMPROVEMENTS.pdf
ECP Box 414,PETE ELLIS AND 45,Batch 1\ECP Box 414\PETE ELLIS AND 45.pdf
ECP Box 414,PROW STREET - DRAINAGE,Batch 1\ECP Box 414\PROW STREET - DRAINAGE.pdf
ECP Box 414,RAILS TO TRAILS BRIDGE,Batch 1\ECP Box 414\RAILS TO TRAILS BRIDGE.pdf
ECP Box 414,RANGE ROAD,Batch 1\ECP Box 414\RANGE ROAD.pdf
ECP Box 414,REDEVELOPMENT PROJECTS - FUNDING APPLICATIONS 1990 PROJECTS,Batch 1\ECP Box 414\REDEVELOPMENT PROJECTS - FUNDING APPLICATIONS 1990 PROJECTS.pdf
ECP Box 414,96PW07 - REGESTER PARKING GARAGE,Batch 1\ECP Box 414\96PW07 - REGESTER PARKING GARAGE.pdf
ECP Box 414,REGESTER AND WALNUT PARKING FACILITIES,Batch 1\ECP Box 414\REGESTER AND WALNUT PARKING FACILITIES.pdf
ECP Box 414,REGESTER PARKING GARAGE 7TH AND COLLEGE,Batch 1\ECP Box 414\REGESTER PARKING GARAGE 7TH AND COLLEGE.pdf
ECP Box 414,REGESTER PARKING FACILITIES,Batch 1\ECP Box 414\REGESTER PARKING FACILITIES.pdf
ECP Box 415,ROGERS AND 11TH STREET SLUFF REPAIR,Batch 1\ECP Box 415\ROGERS AND 11TH STREET SLUFF REPAIR.pdf
ECP Box 415,RIDDLE POINT - REVETMENT,Batch 1\ECP Box 415\RIDDLE POINT - REVETMENT.pdf
ECP Box 415,ROGERS STREET ILLINIOS CENTERAL GULF RAILROAD OVERPASS,Batch 1\ECP Box 415\ROGERS STREET ILLINIOS CENTERAL GULF RAILROAD OVERPASS.pdf
ECP Box 415,ROGERS OVER ILLINIOS CENTERAL GULF RAILROAD,Batch 1\ECP Box 415\ROGERS OVER ILLINIOS CENTERAL GULF RAILROAD.pdf
ECP Box 415,ROGERS STREET BRIDGE,Batch 1\ECP Box 415\ROGERS STREET BRIDGE.pdf
ECP Box 415,ROGERS ROAD AND SOUTH HIGH STREET,Batch 1\ECP Box 415\ROGERS ROAD AND SOUTH HIGH STREET.pdf
ECP Box 415,PROJECT 93PW31 - ROGERS STREET 2ND TO 3RD CURB REPLACEMENT,Batch 1\ECP Box 415\PROJECT 93PW31 - ROGERS STREET 2ND TO 3RD CURB REPLACEMENT.pdf
ECP Box 415,93RD36 - ROCKPORT ROAD IMPROVEMENTS (ROGERS ROAD SOUTH),Batch 1\ECP Box 415\93RD36 - ROCKPORT ROAD IMPROVEMENTS (ROGERS ROAD SOUTH).pdf
ECP Box 415,ROGERS STREET AT RCA ENTRANCE,Batch 1\ECP Box 415\ROGERS STREET AT RCA ENTRANCE.pdf
ECP Box 415,95RD01 ROCKPORT ROAD (ROGERS TO COUNTRYVIEW),Batch 1\ECP Box 415\95RD01 ROCKPORT ROAD (ROGERS TO COUNTRYVIEW).pdf
ECP Box 416,SALT DOME SITE 95PW19A EXCAVATION AND SITE ROBINSON CONST,Batch 1\ECP Box 416\SALT DOME SITE 95PW19A EXCAVATION AND SITE ROBINSON CONST.pdf
ECP Box 416,95PW19B SALT DOME,Batch 1\ECP Box 416\95PW19B SALT DOME.pdf
ECP Box 416,FIRST LETTING CORRESPONDENCE 95PW19A,Batch 1\ECP Box 416\FIRST LETTING CORRESPONDENCE 95PW19A.pdf
ECP Box 416,SMITH ROAD DOCUMENTS FOR PUBLIC VIEWING,Batch 1\ECP Box 416\SMITH ROAD DOCUMENTS FOR PUBLIC VIEWING.pdf
ECP Box 416,RUBY LANE SIDEWALK AND DRAINAGE IMPROVEMENTS NANCY TO SOUTHDOWNS,Batch 1\ECP Box 416\RUBY LANE SIDEWALK AND DRAINAGE IMPROVEMENTS NANCY TO SOUTHDOWNS.pdf
ECP Box 417,17TH AND COLLEGE-17TH AND WALNUT INTERSECTION AND SIGNAL IMPROVEMENTS,Batch 1\ECP Box 417\17TH AND COLLEGE-17TH AND WALNUT INTERSECTION AND SIGNAL IMPROVEMENTS.pdf
ECP Box 417,SECOND STREET ROCONSTRUCTION PROJECT #99PW10,Batch 1\ECP Box 417\SECOND STREET ROCONSTRUCTION PROJECT #99PW10.pdf
ECP Box 417,1505 WEST SECOND STREET (PRITCHETT BROTHERS),Batch 1\ECP Box 417\1505 WEST SECOND STREET (PRITCHETT BROTHERS).pdf
ECP Box 417,SECOND STREET INDIANA RAILROAD CROSSING 1990,Batch 1\ECP Box 417\SECOND STREET INDIANA RAILROAD CROSSING 1990.pdf
ECP Box 417,2ND STREET PARK (OR) BUILDING TRADES PARK,Batch 1\ECP Box 417\2ND STREET PARK (OR) BUILDING TRADES PARK.pdf
ECP Box 417,SECOND AND COLLEGE MALL ROAD,Batch 1\ECP Box 417\SECOND AND COLLEGE MALL ROAD.pdf
ECP Box 417,SECOND STREET WOODCREST CONDOS,Batch 1\ECP Box 417\SECOND STREET WOODCREST CONDOS.pdf
ECP Box 417,SECOND - HIGH,Batch 1\ECP Box 417\SECOND - HIGH.pdf
ECP Box 417,SECOND - HIGH RAIL WAY,Batch 1\ECP Box 417\SECOND - HIGH RAIL WAY.pdf
ECP Box 417,SECOND AND WOODCREST SIDEWALK REPLACEMENT,Batch 1\ECP Box 417\SECOND AND WOODCREST SIDEWALK REPLACEMENT.pdf
ECP Box 417,7TH AND WOODLAWN IMPROVEMENT,Batch 1\ECP Box 417\7TH AND WOODLAWN IMPROVEMENT.pdf
ECP Box 417,SEVENTH - FAIRVIEW,Batch 1\ECP Box 417\SEVENTH - FAIRVIEW.pdf
ECP Box 417,7TH AND WALNUT PARKING GARAGE,Batch 1\ECP Box 417\7TH AND WALNUT PARKING GARAGE.pdf
ECP Box 418,SEVENTH AND COLLEGE AVENUE,Batch 1\ECP Box 418\SEVENTH AND COLLEGE AVENUE.pdf
ECP Box 418,SEVENTH AND MORTON STREET MISCELLANEOUS INFORMATION,Batch 1\ECP Box 418\SEVENTH AND MORTON STREET MISCELLANEOUS INFORMATION.pdf
ECP Box 418,SEVENTH AND MORTON BOX CULVERT,Batch 1\ECP Box 418\SEVENTH AND MORTON BOX CULVERT.pdf
ECP Box 418,SEVENTH AND MORTON 95PW20 INTERSECTION IMPROVEMENT CRIDER AND CRIDER,Batch 1\ECP Box 418\SEVENTH AND MORTON 95PW20 INTERSECTION IMPROVEMENT CRIDER AND CRIDER.pdf
ECP Box 418,SEVENTH STREET SIDEWALK PROJECT 95PW14,Batch 1\ECP Box 418\SEVENTH STREET SIDEWALK PROJECT 95PW14.pdf
ECP Box 418,7TH AND WALNUT PARKING LOT 93PW08,Batch 1\ECP Box 418\7TH AND WALNUT PARKING LOT 93PW08.pdf
ECP Box 418,"SEVENTH, WEST MADISON TO MORTON","Batch 1\ECP Box 418\SEVENTH, WEST MADISON TO MORTON.pdf"
ECP Box 418,PROJECT 93PW - CURB REPLACEMENT 7TH STREET BETWEEN WOODLAWN AND INDIANA AVENUES,Batch 1\ECP Box 418\PROJECT 93PW - CURB REPLACEMENT 7TH STREET BETWEEN WOODLAWN AND INDIANA AVENUES.pdf
ECP Box 418,17TH STREET FEE TO SAINT PAUL'S,Batch 1\ECP Box 418\17TH STREET FEE TO SAINT PAUL'S.pdf
ECP Box 418,SHORT STREET,Batch 1\ECP Box 418\SHORT STREET.pdf
ECP Box 418,SHEFFIELD DRAINAGE,Batch 1\ECP Box 418\SHEFFIELD DRAINAGE.pdf
ECP Box 418,SIXTH STREET (WEST) PROJECT,Batch 1\ECP Box 418\SIXTH STREET (WEST) PROJECT.pdf
ECP Box 418,SKKYLINE STORM REPAIRS,Batch 1\ECP Box 418\SKKYLINE STORM REPAIRS.pdf
ECP Box 418,SMITH ROAD OVER ILLINOIS CENTRAL GULF RAILROAD,Batch 1\ECP Box 418\SMITH ROAD OVER ILLINOIS CENTRAL GULF RAILROAD.pdf
ECP Box 418,SHORT STREET R-N,Batch 1\ECP Box 418\SHORT STREET R-N.pdf
ECP Box 418,CENTURY 21 STORM SEWER,Batch 1\ECP Box 418\CENTURY 21 STORM SEWER.pdf
ECP Box 419,SR 37 & 48 INTERCHANGE,Batch 1\ECP Box 419\SR 37 & 48 INTERCHANGE.pdf
ECP Box 419,SR 48 & 46,Batch 1\ECP Box 419\SR 48 & 46.pdf
ECP Box 419,95PW04 TAPP ROAD,Batch 1\ECP Box 419\95PW04 TAPP ROAD.pdf
ECP Box 419,TAPP ROAD PHASE 1,Batch 1\ECP Box 419\TAPP ROAD PHASE 1.pdf
ECP Box 419,TAPP ROAD PHASE 2,Batch 1\ECP Box 419\TAPP ROAD PHASE 2.pdf
ECP Box 419,TAPP ROAD,Batch 1\ECP Box 419\TAPP ROAD.pdf
ECP Box 420,SIDEPATH IMPROVEMENT (UNDER IRR BRIDGE) EAST 10TH STREET AND NORTH JEFFERSON STREET,Batch 1\ECP Box 420\SIDEPATH IMPROVEMENT (UNDER IRR BRIDGE) EAST 10TH STREET AND NORTH JEFFERSON STREET.pdf
ECP Box 420,96PW22 - TRAFFIC CALMING SIXTH AND ROGERS 96PW23 - TRAFFIC CALMING THIRD AND ROGERS,Batch 1\ECP Box 420\96PW22 - TRAFFIC CALMING SIXTH AND ROGERS 96PW23 - TRAFFIC CALMING THIRD AND ROGERS.pdf
ECP Box 420,THIRD AND JORDAN,Batch 1\ECP Box 420\THIRD AND JORDAN.pdf
ECP Box 420,"THIRD STREET, EAST - 1320","Batch 1\ECP Box 420\THIRD STREET, EAST - 1320.pdf"
ECP Box 420,THIRD AND JACKSON,Batch 1\ECP Box 420\THIRD AND JACKSON.pdf
ECP Box 420,3RD AND HIGH,Batch 1\ECP Box 420\3RD AND HIGH.pdf
ECP Box 420,94PW04 - 3RD AND HAWTHORNE INTERSECTION IMPROVEMENTS,Batch 1\ECP Box 420\94PW04 - 3RD AND HAWTHORNE INTERSECTION IMPROVEMENTS.pdf
ECP Box 420,THIRD STREET AND COLLEGE MALL ROAD,Batch 1\ECP Box 420\THIRD STREET AND COLLEGE MALL ROAD.pdf
ECP Box 420,THIRD STREET SIGNAL TIMINGS,Batch 1\ECP Box 420\THIRD STREET SIGNAL TIMINGS.pdf
ECP Box 420,THIRD STREET AND ATWATER,Batch 1\ECP Box 420\THIRD STREET AND ATWATER.pdf
ECP Box 420,THIRD - PHASE II,Batch 1\ECP Box 420\THIRD - PHASE II.pdf
ECP Box 420,THIRD STREET ROGERS TO HENDERSON,Batch 1\ECP Box 420\THIRD STREET ROGERS TO HENDERSON.pdf
ECP Box 420,10TH AND UNION,Batch 1\ECP Box 420\10TH AND UNION.pdf
ECP Box 420,"3RD, 5TH AND ADAMS STREET RECONSTRUCTION","Batch 1\ECP Box 420\3RD, 5TH AND ADAMS STREET RECONSTRUCTION.pdf"
ECP Box 420,10TH AND LINCOLN 94PW01,Batch 1\ECP Box 420\10TH AND LINCOLN 94PW01.pdf
ECP Box 420,10TH STREET STEAM TUNNEL RENOVATION,Batch 1\ECP Box 420\10TH STREET STEAM TUNNEL RENOVATION.pdf
ECP Box 420,10TH AND DUNN 823 WEST 6TH STREET COLLAPSED CULVERT,Batch 1\ECP Box 420\10TH AND DUNN 823 WEST 6TH STREET COLLAPSED CULVERT.pdf
ECP Box 420,EAST TENTH STREET SIDEWALK FROM GRANDVIEW TO BELLE TRACE,Batch 1\ECP Box 420\EAST TENTH STREET SIDEWALK FROM GRANDVIEW TO BELLE TRACE.pdf
ECP Box 421,TENTH AND DUNN STREETS,Batch 1\ECP Box 421\TENTH AND DUNN STREETS.pdf
ECP Box 421,THIRD STREET (EAST) AND SARATOGA DRAINAGE DITCH 1ST 3RD,Batch 1\ECP Box 421\THIRD STREET (EAST) AND SARATOGA DRAINAGE DITCH 1ST 3RD.pdf
ECP Box 421,95PW13 3RD STREET SIDEWALK,Batch 1\ECP Box 421\95PW13 3RD STREET SIDEWALK.pdf
ECP Box 421,PROJECT 93PW29 INTERSECTION SIGNALIZATION AT 3RD WOODLAWN AND ATWATER ANS WOODLAWN,Batch 1\ECP Box 421\PROJECT 93PW29 INTERSECTION SIGNALIZATION AT 3RD WOODLAWN AND ATWATER ANS WOODLAWN.pdf
ECP Box 421,EAST THIRD SIDE PATH FROM KINGSTON DRIVE THEN 200 FEET TO THE EAST,Batch 1\ECP Box 421\EAST THIRD SIDE PATH FROM KINGSTON DRIVE THEN 200 FEET TO THE EAST.pdf
ECP Box 421,UNITED PRESBYTERIAN CEMETARY,Batch 1\ECP Box 421\UNITED PRESBYTERIAN CEMETARY.pdf
ECP Box 421,UTILITIES - INCLUDING PUBLIC SERVICE INDIANA,Batch 1\ECP Box 421\UTILITIES - INCLUDING PUBLIC SERVICE INDIANA.pdf
ECP Box 421,WALKER STREET,Batch 1\ECP Box 421\WALKER STREET.pdf
ECP Box 421,WALKER STREET,Batch 1\ECP Box 421\WALKER STREET_01.pdf
ECP Box 421,WALKER STREET,Batch 1\ECP Box 421\WALKER STREET_02.pdf
ECP Box 421,7TH STREET TO 11TH STREET,Batch 1\ECP Box 421\7TH STREET TO 11TH STREET.pdf
ECP Box 421,CITY OF BLOOMINGTON UTILITIES WALNUT-SMITH WATERLINE W95,Batch 1\ECP Box 421\CITY OF BLOOMINGTON UTILITIES WALNUT-SMITH WATERLINE W95.pdf
ECP Box 421,WALNUT DETOUR,Batch 1\ECP Box 421\WALNUT DETOUR.pdf
ECP Box 422,TRAFFIC SIGNALS - CONSTRUCTION,Batch 1\ECP Box 422\TRAFFIC SIGNALS - CONSTRUCTION.pdf
ECP Box 422,TRAFFIC SIGNALS - FOLLOW-UP STUDY,Batch 1\ECP Box 422\TRAFFIC SIGNALS - FOLLOW-UP STUDY.pdf
ECP Box 422,TRAFFIC SIGNALS 1988,Batch 1\ECP Box 422\TRAFFIC SIGNALS 1988.pdf
ECP Box 422,TRAFFIC SIGNAL - WINSLOW AND HENDERSON,Batch 1\ECP Box 422\TRAFFIC SIGNAL - WINSLOW AND HENDERSON.pdf
ECP Box 422,"STREET DEPARTMENT SR 37 AND SR 45 INTERCHANGE, PROJECT F-095-7(1)","Batch 1\ECP Box 422\STREET DEPARTMENT SR 37 AND SR 45 INTERCHANGE, PROJECT F-095-7(1).pdf"
ECP Box 422,PAYMENT AND REIMBURSEMENTS TRAFFIC SIGNAL MODERNIZATION PROJECT,Batch 1\ECP Box 422\PAYMENT AND REIMBURSEMENTS TRAFFIC SIGNAL MODERNIZATION PROJECT.pdf
ECP Box 422,TRAFFIC SIGNALS - PAYMENT REIMBURSEMENT CONSTRUCTION ENGINEERING,Batch 1\ECP Box 422\TRAFFIC SIGNALS - PAYMENT REIMBURSEMENT CONSTRUCTION ENGINEERING.pdf
ECP Box 422,SIGNAL PROJECT - CONSTURCTION ENGINEERING,Batch 1\ECP Box 422\SIGNAL PROJECT - CONSTURCTION ENGINEERING.pdf
ECP Box 422,CONTRACTS TRAFFIC SIGNAL MODERNIZATIOIN PROJECTS,Batch 1\ECP Box 422\CONTRACTS TRAFFIC SIGNAL MODERNIZATIOIN PROJECTS.pdf
ECP Box 422,BC 79-50 STATE OF INDIANA TRAFFIC SIGNAL MODERNIZATION,Batch 1\ECP Box 422\BC 79-50 STATE OF INDIANA TRAFFIC SIGNAL MODERNIZATION.pdf
ECP Box 422,TRAFFIC SIGNAL - CHANGE ORDERS,Batch 1\ECP Box 422\TRAFFIC SIGNAL - CHANGE ORDERS.pdf
ECP Box 422,UTILITY AGREEMENTS - TRAFFIC SIGNALS,Batch 1\ECP Box 422\UTILITY AGREEMENTS - TRAFFIC SIGNALS.pdf
ECP Box 422,SIGN PROJECT - PHASE II PAYMENT AND REIMBURSEMENT,Batch 1\ECP Box 422\SIGN PROJECT - PHASE II PAYMENT AND REIMBURSEMENT.pdf
ECP Box 422,SIGN PROJECT - PHASE II - OFF ROUTE SYSTEM,Batch 1\ECP Box 422\SIGN PROJECT - PHASE II - OFF ROUTE SYSTEM.pdf
ECP Box 422,SIGN PROJECT - CONSTRUCTION ENGINEERING PHASE II,Batch 1\ECP Box 422\SIGN PROJECT - CONSTRUCTION ENGINEERING PHASE II.pdf
ECP Box 422,A AND F ENGINEERING #BC78-6 SIGN PROGRAM - REIMBURSEMENTS,Batch 1\ECP Box 422\A AND F ENGINEERING #BC78-6 SIGN PROGRAM - REIMBURSEMENTS.pdf
ECP Box 422,STREET DEPARTMENT TRAFFIC SIGN MODERNIZATION,Batch 1\ECP Box 422\STREET DEPARTMENT TRAFFIC SIGN MODERNIZATION.pdf
ECP Box 422,R AND S #5 (T-6004(5)) SEVENTEENTH STREET TX9441,Batch 1\ECP Box 422\R AND S #5 (T-6004(5)) SEVENTEENTH STREET TX9441.pdf
ECP Box 422,R AND S #3 (T-6004(3)) THIRD STREET CONSTRUCTION TX9201,Batch 1\ECP Box 422\R AND S #3 (T-6004(3)) THIRD STREET CONSTRUCTION TX9201.pdf
ECP Box 422,R AND S #4 (T-6004 (4)) CITY DID NOT ACCEPT THIS PROJECT,Batch 1\ECP Box 422\R AND S #4 (T-6004 (4)) CITY DID NOT ACCEPT THIS PROJECT.pdf
ECP Box 422,"R AND S #2 (T-6004 (2)) THIRD, SEVENTEENTH AND WOODLAWN","Batch 1\ECP Box 422\R AND S #2 (T-6004 (2)) THIRD, SEVENTEENTH AND WOODLAWN.pdf"
ECP Box 422,R AND S #1 (T-6004 (1))  KINSER PIKE,Batch 1\ECP Box 422\R AND S #1 (T-6004 (1))  KINSER PIKE.pdf
ECP Box 422,"SPECIFICATIONS FOR KINSER PIKE ROAD BLOOMINGTON TOWNSHIP MONROE COUNTY BLOOMINGTON, INDIANA","Batch 1\ECP Box 422\SPECIFICATIONS FOR KINSER PIKE ROAD BLOOMINGTON TOWNSHIP MONROE COUNTY BLOOMINGTON, INDIANA.pdf"
ECP Box 422,R AND S #9A (ENGINEERING AND CONSTRUCTION) FLASHING BEACON AT 1ST ANS COLLEGE AVENUE,Batch 1\ECP Box 422\R AND S #9A (ENGINEERING AND CONSTRUCTION) FLASHING BEACON AT 1ST ANS COLLEGE AVENUE.pdf
ECP Box 422,R AND S #9B (ENGINEERING) FIXED TIME SIGNAL AND IMPROVEMENTS 10T AND WOODLAWN,Batch 1\ECP Box 422\R AND S #9B (ENGINEERING) FIXED TIME SIGNAL AND IMPROVEMENTS 10T AND WOODLAWN.pdf
ECP Box 422,R AND S #9C (ENGINEERING AND CONSTRUCTION) SIGNAL AT OLD #37 AND WINSLOW DRIVE,Batch 1\ECP Box 422\R AND S #9C (ENGINEERING AND CONSTRUCTION) SIGNAL AT OLD #37 AND WINSLOW DRIVE.pdf
ECP Box 422,ACCIDENT STUDY - PHASE II,Batch 1\ECP Box 422\ACCIDENT STUDY - PHASE II.pdf
ECP Box 422,ACCIDENT REPORT STUDY PHASE I 1982,Batch 1\ECP Box 422\ACCIDENT REPORT STUDY PHASE I 1982.pdf
ECP Box 422,ACCIDENT STUDY - CONTRACT,Batch 1\ECP Box 422\ACCIDENT STUDY - CONTRACT.pdf
ECP Box 422,"STREET DEPARTMENT - AGREEMENT WITH SIECO, INCORPORATED FOR PAVEMENT MARKINGS","Batch 1\ECP Box 422\STREET DEPARTMENT - AGREEMENT WITH SIECO, INCORPORATED FOR PAVEMENT MARKINGS.pdf"
ECP Box 422,STREET MARKINGS,Batch 1\ECP Box 422\STREET MARKINGS.pdf
ECP Box 422,STREET DEPARTMENT - 3-M PAVEMENT MARKING DEMONSTRATION,Batch 1\ECP Box 422\STREET DEPARTMENT - 3-M PAVEMENT MARKING DEMONSTRATION.pdf
ECP Box 422,PAVEMENT MARKING DEMONSTRATION DC 77-38 PMS-000S(85),Batch 1\ECP Box 422\PAVEMENT MARKING DEMONSTRATION DC 77-38 PMS-000S(85).pdf
ECP Box 422,EASTERN BY-PASS STREET DEPARTMENT SR 446 WIDENING TO 3RD STREET PROJECT F-062-4,Batch 1\ECP Box 422\EASTERN BY-PASS STREET DEPARTMENT SR 446 WIDENING TO 3RD STREET PROJECT F-062-4.pdf
ECP Box 423,"TUFFORD, NORMAN HILLSIDE EXTENSION","Batch 1\ECP Box 423\TUFFORD, NORMAN HILLSIDE EXTENSION.pdf"
ECP Box 423,DAVID AND DARLEAN PHILLIPS HILLSIDE EXTENSION,Batch 1\ECP Box 423\DAVID AND DARLEAN PHILLIPS HILLSIDE EXTENSION.pdf
ECP Box 423,HILLSIDE AND HIGH R & L DORROLL,Batch 1\ECP Box 423\HILLSIDE AND HIGH R & L DORROLL.pdf
ECP Box 423,HILLSIDE AND HIGH MOORES PIKE,Batch 1\ECP Box 423\HILLSIDE AND HIGH MOORES PIKE.pdf
ECP Box 423,REGENCY HERITAGE HILLSIDE EXTENSION,Batch 1\ECP Box 423\REGENCY HERITAGE HILLSIDE EXTENSION.pdf
ECP Box 423,WORK STUDY JACINDA PARK,Batch 1\ECP Box 423\WORK STUDY JACINDA PARK.pdf
ECP Box 423,I WEST COTTAGE GROVE CONSTRUCTION LOG,Batch 1\ECP Box 423\I WEST COTTAGE GROVE CONSTRUCTION LOG.pdf
ECP Box 423,95PW10 CONVENTION CENTER PARKING LOT,Batch 1\ECP Box 423\95PW10 CONVENTION CENTER PARKING LOT.pdf
ECP Box 423,BUILDING TRADES PARK PARKING LOT 1990-CDBG,Batch 1\ECP Box 423\BUILDING TRADES PARK PARKING LOT 1990-CDBG.pdf
ECP Box 423,1ST 94PW03 COLL - WAL,Batch 1\ECP Box 423\1ST 94PW03 COLL - WAL.pdf
ECP Box 423,1994 - CRIDER T&M JOBS - 10TH UNION - 2ND HENDERSON - HUNTER DITCH,Batch 1\ECP Box 423\1994 - CRIDER T&M JOBS - 10TH UNION - 2ND HENDERSON - HUNTER DITCH.pdf
ECP Box 423,9 AND LINCOLN - 8TH AND ROGERS - WOODLAWN BIDS,Batch 1\ECP Box 423\9 AND LINCOLN - 8TH AND ROGERS - WOODLAWN BIDS.pdf
ECP Box 423,SALT DOME,Batch 1\ECP Box 423\SALT DOME.pdf
ECP Box 423,95PW19B DOME TYPE SALT STORAGE FACILITY,Batch 1\ECP Box 423\95PW19B DOME TYPE SALT STORAGE FACILITY.pdf
ECP Box 423,SALT DOME,Batch 1\ECP Box 423\SALT DOME_01.pdf
ECP Box 423,RIGHT OF ENTRY SARATOGA DRIVE AND EAST 3RD,Batch 1\ECP Box 423\RIGHT OF ENTRY SARATOGA DRIVE AND EAST 3RD.pdf
ECP Box 423,3RD - ROGERS,Batch 1\ECP Box 423\3RD - ROGERS.pdf
ECP Box 423,KINSER PIKE BRIDGE,Batch 1\ECP Box 423\KINSER PIKE BRIDGE.pdf
ECP Box 423,FORMULA FOR DRAINAGE COMPS,Batch 1\ECP Box 423\FORMULA FOR DRAINAGE COMPS.pdf
ECP Box 423,GOURLEY PIKE - STURGIS MARATHON,Batch 1\ECP Box 423\GOURLEY PIKE - STURGIS MARATHON.pdf
ECP Box 423,GOURLEY PIKE,Batch 1\ECP Box 423\GOURLEY PIKE.pdf
ECP Box 423,MISCELLANEOUS D ROGERS,Batch 1\ECP Box 423\MISCELLANEOUS D ROGERS.pdf
ECP Box 423,RESEARCH PROJECT - REVISION AND-OR REDRAW OF QUARTER SECTION MAPS,Batch 1\ECP Box 423\RESEARCH PROJECT - REVISION AND-OR REDRAW OF QUARTER SECTION MAPS.pdf
ECP Box 423,WEST COTTAGE GROVE AVENUE STORM DRAINAGE IMPROVEMENT,Batch 1\ECP Box 423\WEST COTTAGE GROVE AVENUE STORM DRAINAGE IMPROVEMENT.pdf
ECP Box 423,2225 SOUTH HIGH STREET NORTH EAST CORNER OF HIGH AND ROGERS ROAD ORIGINALS,Batch 1\ECP Box 423\2225 SOUTH HIGH STREET NORTH EAST CORNER OF HIGH AND ROGERS ROAD ORIGINALS.pdf
ECP Box 423,DEAR PARK WEST LANE EXTENTION (WEATHERSTONE LANE),Batch 1\ECP Box 423\DEAR PARK WEST LANE EXTENTION (WEATHERSTONE LANE).pdf
ECP Box 424,TAPP ROAD,Batch 1\ECP Box 424\TAPP ROAD.pdf
ECP Box 424,TAPP ROAD PROPERT FILES,Batch 1\ECP Box 424\TAPP ROAD PROPERT FILES.pdf
ECP Box 424,TAPP ROAD,Batch 1\ECP Box 424\TAPP ROAD_01.pdf
ECP Box 424,TAPP ROAD PHASE 3,Batch 1\ECP Box 424\TAPP ROAD PHASE 3.pdf
ECP Box 424,TAPP ROAD PHASE 3,Batch 1\ECP Box 424\TAPP ROAD PHASE 3_01.pdf
ECP Box 425,VERNAL AND CRESCENT,Batch 1\ECP Box 425\VERNAL AND CRESCENT.pdf
ECP Box 425,NORTH CAMPUS AREA STUDY 10TH -LAW,Batch 1\ECP Box 425\NORTH CAMPUS AREA STUDY 10TH -LAW.pdf
ECP Box 425,SALT STORAGE,Batch 1\ECP Box 425\SALT STORAGE.pdf
ECP Box 425,BASSWOOD DRIVE STUB,Batch 1\ECP Box 425\BASSWOOD DRIVE STUB.pdf
ECP Box 425,CERTIFIED TECHNOLOGY PARK UTILITY ANALYSIS,Batch 1\ECP Box 425\CERTIFIED TECHNOLOGY PARK UTILITY ANALYSIS.pdf
ECP Box 425,KINSER - 17TH,Batch 1\ECP Box 425\KINSER - 17TH.pdf
ECP Box 425,SARE ROAD WIDENING,Batch 1\ECP Box 425\SARE ROAD WIDENING.pdf
ECP Box 425,SARE ROAD PHASE II,Batch 1\ECP Box 425\SARE ROAD PHASE II.pdf
ECP Box 425,SARE ROAD,Batch 1\ECP Box 425\SARE ROAD.pdf
ECP Box 426,1209 WEIMER ROAD 1989 AFFIDAVIT,Batch 1\ECP Box 426\1209 WEIMER ROAD 1989 AFFIDAVIT.pdf
ECP Box 426,SCOTT VANHOY DRAINAGE PROBLEM BROOKSTONE - KENSINGTON,Batch 1\ECP Box 426\SCOTT VANHOY DRAINAGE PROBLEM BROOKSTONE - KENSINGTON.pdf
ECP Box 426,ETON MEWS CROSSWALK COVENANTER CROSSWALK,Batch 1\ECP Box 426\ETON MEWS CROSSWALK COVENANTER CROSSWALK.pdf
ECP Box 426,4209 & 4219 DECKARD DRIVE (DRAINAGE PROBLEM),Batch 1\ECP Box 426\4209 & 4219 DECKARD DRIVE (DRAINAGE PROBLEM).pdf
ECP Box 426,4TH STREET PARKING LOT - INDIANA UNIVERSITY (BETWEEN DUNN STREET & INDIANA AVENUE),Batch 1\ECP Box 426\4TH STREET PARKING LOT - INDIANA UNIVERSITY (BETWEEN DUNN STREET & INDIANA AVENUE).pdf
ECP Box 426,4TH - WASHINGTON LOT COMPACTOR INSTALLATION,Batch 1\ECP Box 426\4TH - WASHINGTON LOT COMPACTOR INSTALLATION.pdf
ECP Box 426,LATIMER WOODS - SHAG BARK (MISCELLANEOUS INFORMATION 97-98),Batch 1\ECP Box 426\LATIMER WOODS - SHAG BARK (MISCELLANEOUS INFORMATION 97-98).pdf
ECP Box 426,REDEVELOPMENT COMMISSION RESOLUTION,Batch 1\ECP Box 426\REDEVELOPMENT COMMISSION RESOLUTION.pdf
ECP Box 426,JORDAN RIVER FIELD NOTES,Batch 1\ECP Box 426\JORDAN RIVER FIELD NOTES.pdf
ECP Box 426,INDIANA AVENUE PEDESTRIAN CROSSING,Batch 1\ECP Box 426\INDIANA AVENUE PEDESTRIAN CROSSING.pdf
ECP Box 426,HENDERSON STREET PARKING LOT - INDIANA UNIVERSTIY BETWEEN EAST 3RD AND ATWATER AVENUE,Batch 1\ECP Box 426\HENDERSON STREET PARKING LOT - INDIANA UNIVERSTIY BETWEEN EAST 3RD AND ATWATER AVENUE.pdf
ECP Box 426,ROGERS STREET SIDEPATH R-W DOCUMENTS (ROCKPORT TO HILLSIDE),Batch 1\ECP Box 426\ROGERS STREET SIDEPATH R-W DOCUMENTS (ROCKPORT TO HILLSIDE).pdf
ECP Box 426,"BC91-15 H E GATES COMPANY, INDLPS PARKING GARAGES RESTORATION","Batch 1\ECP Box 426\BC91-15 H E GATES COMPANY, INDLPS PARKING GARAGES RESTORATION.pdf"
ECP Box 426,MAPLEFOOT LOT CLEAN-UP INTERSECTION COMPLAINTS,Batch 1\ECP Box 426\MAPLEFOOT LOT CLEAN-UP INTERSECTION COMPLAINTS.pdf
ECP Box 426,PRITCHARD'S DEDICATION,Batch 1\ECP Box 426\PRITCHARD'S DEDICATION.pdf
ECP Box 426,MAXWELL LANE SIDEPATH,Batch 1\ECP Box 426\MAXWELL LANE SIDEPATH.pdf
ECP Box 426,MARLENE DRIVE SUBDIVIDE BY DEED,Batch 1\ECP Box 426\MARLENE DRIVE SUBDIVIDE BY DEED.pdf
ECP Box 426,1275 EAST SHORT STREET,Batch 1\ECP Box 426\1275 EAST SHORT STREET.pdf
ECP Box 426,RSH FILR 3RD STREET,Batch 1\ECP Box 426\RSH FILR 3RD STREET.pdf
ECP Box 426,JOE HARRELL 3RD - ROGERS,Batch 1\ECP Box 426\JOE HARRELL 3RD - ROGERS.pdf
ECP Box 426,WINKEL SUBDIVISION,Batch 1\ECP Box 426\WINKEL SUBDIVISION.pdf
ECP Box 426,"WILBUR'S BODY SHOP, INCORPORATED","Batch 1\ECP Box 426\WILBUR'S BODY SHOP, INCORPORATED.pdf"
ECP Box 427,WYKOFF MISCELLANOUS,Batch 1\ECP Box 427\WYKOFF MISCELLANOUS.pdf
ECP Box 427,WEST 3RD TEMPORARY ROW,Batch 1\ECP Box 427\WEST 3RD TEMPORARY ROW.pdf
ECP Box 427,WEST 3RD STREET ROW,Batch 1\ECP Box 427\WEST 3RD STREET ROW.pdf
ECP Box 427,3RD & ROGERS APPRAISAL,Batch 1\ECP Box 427\3RD & ROGERS APPRAISAL.pdf
ECP Box 427,"PARCEL 84, 84A, 84B, 84C BENNY W COSTER ROW","Batch 1\ECP Box 427\PARCEL 84, 84A, 84B, 84C BENNY W COSTER ROW.pdf"
ECP Box 427,015-65390-00 DON COWDEN ENTERPRISES PARCEL 28,Batch 1\ECP Box 427\015-65390-00 DON COWDEN ENTERPRISES PARCEL 28.pdf
ECP Box 427,STP-9953 WEST THIRD STREET,Batch 1\ECP Box 427\STP-9953 WEST THIRD STREET.pdf
ECP Box 427,WEST 3RD STREET PHASE II,Batch 1\ECP Box 427\WEST 3RD STREET PHASE II.pdf
ECP Box 428,PW-CITY V STONE BELT COUNCIL CONDEMNATION ACTION VR-1998,Batch 1\ECP Box 428\PW-CITY V STONE BELT COUNCIL CONDEMNATION ACTION VR-1998.pdf
ECP Box 428,PARCEL #35 ROBERT C MUSSELMAN,Batch 1\ECP Box 428\PARCEL #35 ROBERT C MUSSELMAN.pdf
ECP Box 428,CITY V GENERAL DEVELOPMENT & HOME FEDERAL-ROW-300 SOUTH ADAMS SF-VR-1998,Batch 1\ECP Box 428\CITY V GENERAL DEVELOPMENT & HOME FEDERAL-ROW-300 SOUTH ADAMS SF-VR-1998.pdf
ECP Box 428,CITY V KENNETH L NUNN & BANK ONE-ROW -1503 WEST 3RD SF-VR-1998,Batch 1\ECP Box 428\CITY V KENNETH L NUNN & BANK ONE-ROW -1503 WEST 3RD SF-VR-1998.pdf
ECP Box 428,"PW-3RD-5TH-ADAMS PROJECT - CONDEMNATION V ROBERT J FLEETWOOD, ET UX VR-1998","Batch 1\ECP Box 428\PW-3RD-5TH-ADAMS PROJECT - CONDEMNATION V ROBERT J FLEETWOOD, ET UX VR-1998.pdf"
ECP Box 428,CITY V ROBERT C MUSSELMAN ROW - 231 SOUTH ADAMS STREET VR-2000,Batch 1\ECP Box 428\CITY V ROBERT C MUSSELMAN ROW - 231 SOUTH ADAMS STREET VR-2000.pdf
ECP Box 428,MAPS & PHOTOS CITY V MUSSELMAN VR-2000,Batch 1\ECP Box 428\MAPS & PHOTOS CITY V MUSSELMAN VR-2000.pdf
ECP Box 428,"PARCEL 42, 43, 44 KENNETH L NUNN","Batch 1\ECP Box 428\PARCEL 42, 43, 44 KENNETH L NUNN.pdf"
ECP Box 428,PW-3RD-5TH-ADAMS PROJECT CONDEMNATION V MARTHA REEVES VR-1998 CL 4-12-99,Batch 1\ECP Box 428\PW-3RD-5TH-ADAMS PROJECT CONDEMNATION V MARTHA REEVES VR-1998 CL 4-12-99.pdf
ECP Box 428,PW-3RD-5TH-ADAMS PROJECT GLEESMAN RELOCATION VR-1999,Batch 1\ECP Box 428\PW-3RD-5TH-ADAMS PROJECT GLEESMAN RELOCATION VR-1999.pdf
ECP Box 428,PARCEL #14 STONE BELT COUNCIL,Batch 1\ECP Box 428\PARCEL #14 STONE BELT COUNCIL.pdf
ECP Box 429,SIDEWALKS EASTSIDE BICYCLE PATH,Batch 1\ECP Box 429\SIDEWALKS EASTSIDE BICYCLE PATH.pdf
ECP Box 429,SIDEWALK 10 FAIRVIEW STREET,Batch 1\ECP Box 429\SIDEWALK 10 FAIRVIEW STREET.pdf
ECP Box 429,SIDEWALK 14 HIGH STREET SIDEWALK,Batch 1\ECP Box 429\SIDEWALK 14 HIGH STREET SIDEWALK.pdf
ECP Box 429,SIDEWALK 18 SECOND STREET JORDAN TO HIGH,Batch 1\ECP Box 429\SIDEWALK 18 SECOND STREET JORDAN TO HIGH.pdf
ECP Box 429,EQUIPMENT,Batch 1\ECP Box 429\EQUIPMENT.pdf
ECP Box 429,HORIZON TELEPHONE,Batch 1\ECP Box 429\HORIZON TELEPHONE.pdf
ECP Box 429,SIGNS,Batch 1\ECP Box 429\SIGNS.pdf
ECP Box 429,TRAFFIC COUNT FORM LOCATION MAPS,Batch 1\ECP Box 429\TRAFFIC COUNT FORM LOCATION MAPS.pdf
ECP Box 429,TRAFFIC COUNT MAPS,Batch 1\ECP Box 429\TRAFFIC COUNT MAPS.pdf
ECP Box 429,TRAFFIC COUNT SCHEDULES,Batch 1\ECP Box 429\TRAFFIC COUNT SCHEDULES.pdf
ECP Box 429,STOP SIGN REMOVAL PROGRAM,Batch 1\ECP Box 429\STOP SIGN REMOVAL PROGRAM.pdf
ECP Box 429,STOP SIGN REMOVAL TRAFFIC ANALYSIS SECTION #1,Batch 1\ECP Box 429\STOP SIGN REMOVAL TRAFFIC ANALYSIS SECTION #1.pdf
ECP Box 429,TRAFFIC COUNT SECTION II,Batch 1\ECP Box 429\TRAFFIC COUNT SECTION II.pdf
ECP Box 429,"TRAFFIC COUNT SECTIONS 5, 6, 7","Batch 1\ECP Box 429\TRAFFIC COUNT SECTIONS 5, 6, 7.pdf"
ECP Box 429,"THE KNOLLS, HIGH STREET AND MOORE'S PIKE","Batch 1\ECP Box 429\THE KNOLLS, HIGH STREET AND MOORE'S PIKE.pdf"
ECP Box 430,MISCELLANEOUS PROJECTS,Batch 1\ECP Box 430\MISCELLANEOUS PROJECTS.pdf
ECP Box 430,3D AND MARSH WEST SIDE DRAINAGE,Batch 1\ECP Box 430\3D AND MARSH WEST SIDE DRAINAGE.pdf
ECP Box 430,10TH STREET EXTENSION,Batch 1\ECP Box 430\10TH STREET EXTENSION.pdf
ECP Box 430,KIKKWOOD-DUNN AND MAXWELL-SHERIDAN SMALL SCALE DRAINAGE PROJECTS PWDI-02-82,Batch 1\ECP Box 430\KIKKWOOD-DUNN AND MAXWELL-SHERIDAN SMALL SCALE DRAINAGE PROJECTS PWDI-02-82.pdf
ECP Box 430,HIGHLAND VILLAGE DRAINAGE DITCH,Batch 1\ECP Box 430\HIGHLAND VILLAGE DRAINAGE DITCH.pdf
ECP Box 430,11TH STREEET AND BLAIR PROJECT,Batch 1\ECP Box 430\11TH STREEET AND BLAIR PROJECT.pdf
ECP Box 430,FINAL ELEVENTH STREET AT BLAIR DRAINAGE IMPROVEMENT PROJECT PROJECT NUMBER SSDI-03-82,Batch 1\ECP Box 430\FINAL ELEVENTH STREET AT BLAIR DRAINAGE IMPROVEMENT PROJECT PROJECT NUMBER SSDI-03-82.pdf
ECP Box 431,3RD STREET UNDERPASS PROJECT CHANGE ORDERS,Batch 1\ECP Box 431\3RD STREET UNDERPASS PROJECT CHANGE ORDERS.pdf
ECP Box 431,WALNUT STREET PROPERTY AQUISITION,Batch 1\ECP Box 431\WALNUT STREET PROPERTY AQUISITION.pdf
ECP Box 431,ROW VOUCHERS,Batch 1\ECP Box 431\ROW VOUCHERS.pdf
ECP Box 431,"THIRD STREET, ADAMS STREET & FIFTH STREET","Batch 1\ECP Box 431\THIRD STREET, ADAMS STREET & FIFTH STREET.pdf"
ECP Box 431,"94 PW10 - THIRD, FIFTH, ADAMS","Batch 1\ECP Box 431\94 PW10 - THIRD, FIFTH, ADAMS.pdf"
ECP Box 431,ADAMS STREET PROJECT,Batch 1\ECP Box 431\ADAMS STREET PROJECT.pdf
ECP Box 431,"THIRD, FIFTH, ADAMS REALIGNMENT","Batch 1\ECP Box 431\THIRD, FIFTH, ADAMS REALIGNMENT.pdf"
ECP Box 431,ADAMS STREET RECONSTRUCTION,Batch 1\ECP Box 431\ADAMS STREET RECONSTRUCTION.pdf
ECP Box 431,3750 EAST THIRD STREET RIGHT OF ENTRY-BETH SHALOM,Batch 1\ECP Box 431\3750 EAST THIRD STREET RIGHT OF ENTRY-BETH SHALOM.pdf
ECP Box 431,"95 PW13 THIRD STREET, EAST KINGSTON TO SMITH","Batch 1\ECP Box 431\95 PW13 THIRD STREET, EAST KINGSTON TO SMITH.pdf"
ECP Box 431,95 RD01 ROCKPORT ROAD (ROGERS TO COUNTRYVIEW),Batch 1\ECP Box 431\95 RD01 ROCKPORT ROAD (ROGERS TO COUNTRYVIEW).pdf
ECP Box 431,93 RD35 EIGHTH & ADAMS RECONSTRUCTION,Batch 1\ECP Box 431\93 RD35 EIGHTH & ADAMS RECONSTRUCTION.pdf
ECP Box 431,BLACK LUMBER DRAINAGE 95PW09,Batch 1\ECP Box 431\BLACK LUMBER DRAINAGE 95PW09.pdf
ECP Box 431,PROD 95 PW 27 4420 EAST CAMBRIDGE COURT,Batch 1\ECP Box 431\PROD 95 PW 27 4420 EAST CAMBRIDGE COURT.pdf
ECP Box 431,"95 PW 26 KIRKWOOD, GRANT INTERSECTION","Batch 1\ECP Box 431\95 PW 26 KIRKWOOD, GRANT INTERSECTION.pdf"
ECP Box 431,95 PW 01 SARE ROAD SIDEWALK (MOORES PIKE TO WINSTON),Batch 1\ECP Box 431\95 PW 01 SARE ROAD SIDEWALK (MOORES PIKE TO WINSTON).pdf
ECP Box 432,STREETS CITY - STATE AGREEMENT 3RD STREET PROJECT M-X470(1),Batch 1\ECP Box 432\STREETS CITY - STATE AGREEMENT 3RD STREET PROJECT M-X470(1).pdf
ECP Box 432,EAST-WEST THOROUGHFARE THIRD STREET THROUGHTPARE NOT PROJECT M-X470 910(1),Batch 1\ECP Box 432\EAST-WEST THOROUGHFARE THIRD STREET THROUGHTPARE NOT PROJECT M-X470 910(1).pdf
ECP Box 432,"THIRD STREET PROJECT - R & S #8 PUBLIC HEARING HELD ON APRIL 18, 1979","Batch 1\ECP Box 432\THIRD STREET PROJECT - R & S #8 PUBLIC HEARING HELD ON APRIL 18, 1979.pdf"
ECP Box 432,CORRESPONDENCE FILE - 1976 R&S #8 (THIRD STREET CONSTRUCTION) FROM ROGER STREET TO FESS STREET,Batch 1\ECP Box 432\CORRESPONDENCE FILE - 1976 R&S #8 (THIRD STREET CONSTRUCTION) FROM ROGER STREET TO FESS STREET.pdf
ECP Box 432,CORRESPONDENCE FILE - 1977 R&S #8 (THIRD STREET CONSTRUCTION) FROM ROGER STREET TO FESS STREET,Batch 1\ECP Box 432\CORRESPONDENCE FILE - 1977 R&S #8 (THIRD STREET CONSTRUCTION) FROM ROGER STREET TO FESS STREET.pdf
ECP Box 432,CORRESPONDENCE FILE - 1978 R&S #8 (THIRD STREET RECONSTRUCTION) FROM ROGER STREET TO FESS STREET PROGECT M-X4701(1),Batch 1\ECP Box 432\CORRESPONDENCE FILE - 1978 R&S #8 (THIRD STREET RECONSTRUCTION) FROM ROGER STREET TO FESS STREET PROGECT M-X4701(1).pdf
ECP Box 432,3RD STREET CONSTRUCTION ENGINEER,Batch 1\ECP Box 432\3RD STREET CONSTRUCTION ENGINEER.pdf
ECP Box 432,3RD STREET RAILROAD,Batch 1\ECP Box 432\3RD STREET RAILROAD.pdf
ECP Box 432,CORRESPONDENCE FILE - 1979 R&S #8 (THIRD STREET CONSTRUCTION) FROM ROGER STREET TO FESS STREET,Batch 1\ECP Box 432\CORRESPONDENCE FILE - 1979 R&S #8 (THIRD STREET CONSTRUCTION) FROM ROGER STREET TO FESS STREET.pdf
ECP Box 432,R&S #8 (THIRD STREET RECONSTRUCTION) RECORDS OF PAYMENTS AND REIMBURSEMENTS,Batch 1\ECP Box 432\R&S #8 (THIRD STREET RECONSTRUCTION) RECORDS OF PAYMENTS AND REIMBURSEMENTS.pdf
ECP Box 432,3RD STREET TRAFFIC SIGNALS,Batch 1\ECP Box 432\3RD STREET TRAFFIC SIGNALS.pdf
ECP Box 432,THIRD STREET STORM SEWERS,Batch 1\ECP Box 432\THIRD STREET STORM SEWERS.pdf
ECP Box 432,THIRD STREET SANITATION SEWERS,Batch 1\ECP Box 432\THIRD STREET SANITATION SEWERS.pdf
ECP Box 432,THIRD STREET 1980 CORRESPONDENCE,Batch 1\ECP Box 432\THIRD STREET 1980 CORRESPONDENCE.pdf
ECP Box 432,3RD STREET 1981 CORRESPONDENCE,Batch 1\ECP Box 432\3RD STREET 1981 CORRESPONDENCE.pdf
ECP Box 432,CITY STATE AGREEMENT - 3RD STREET,Batch 1\ECP Box 432\CITY STATE AGREEMENT - 3RD STREET.pdf
ECP Box 432,3RD STREET LABOR,Batch 1\ECP Box 432\3RD STREET LABOR.pdf
ECP Box 432,3RD STREET  STREET LIGHTS,Batch 1\ECP Box 432\3RD STREET  STREET LIGHTS.pdf
ECP Box 432,3RD STREET - CONSTRUCTION,Batch 1\ECP Box 432\3RD STREET - CONSTRUCTION.pdf
ECP Box 432,3RD STREET - UTILITIES AGREEMENTS,Batch 1\ECP Box 432\3RD STREET - UTILITIES AGREEMENTS.pdf
ECP Box 432,3RD STREET - WATER LINES,Batch 1\ECP Box 432\3RD STREET - WATER LINES.pdf
ECP Box 432,3RD STREET - LIFT STATION,Batch 1\ECP Box 432\3RD STREET - LIFT STATION.pdf
ECP Box 432,APPRAISALS 3RD STREET RIGHT OF WAY,Batch 1\ECP Box 432\APPRAISALS 3RD STREET RIGHT OF WAY.pdf
ECP Box 432,STREET PAYMENT & REIMBURSE,Batch 1\ECP Box 432\STREET PAYMENT & REIMBURSE.pdf
ECP Box 432,3RD STREET - COLLAGE TO INDIANA,Batch 1\ECP Box 432\3RD STREET - COLLAGE TO INDIANA.pdf
ECP Box 432,CHANGE ORDERS - 3RD STREET COLLEGE-DUNN,Batch 1\ECP Box 432\CHANGE ORDERS - 3RD STREET COLLEGE-DUNN.pdf
ECP Box 432,3RD STREET CONSTRUCTION ENGINEERING,Batch 1\ECP Box 432\3RD STREET CONSTRUCTION ENGINEERING.pdf
ECP Box 432,3RD STREET INDIANA UNIVERSITY TRUSTEES 1B & 1C,Batch 1\ECP Box 432\3RD STREET INDIANA UNIVERSITY TRUSTEES 1B & 1C.pdf
ECP Box 432,3RD STREET - UTILITIES,Batch 1\ECP Box 432\3RD STREET - UTILITIES.pdf
ECP Box 432,COMPARABLE SALES,Batch 1\ECP Box 432\COMPARABLE SALES.pdf
ECP Box 432,THIRD STREET MG-X470,Batch 1\ECP Box 432\THIRD STREET MG-X470.pdf
ECP Box 432,ROW FARMS,Batch 1\ECP Box 432\ROW FARMS.pdf
ECP Box 432,3RD STREET ROW CORRESPONDENCE,Batch 1\ECP Box 432\3RD STREET ROW CORRESPONDENCE.pdf
ECP Box 433,WINSLOW & HIGH STREET,Batch 1\ECP Box 433\WINSLOW & HIGH STREET.pdf
ECP Box 433,WEIMER ROAD,Batch 1\ECP Box 433\WEIMER ROAD.pdf
ECP Box 433,CULVERT UNDER WINSLOW ROAD,Batch 1\ECP Box 433\CULVERT UNDER WINSLOW ROAD.pdf
ECP Box 433,WALNUT STREET PIKE SIDEWALK FOR ALL AMERICAN STORAGE,Batch 1\ECP Box 433\WALNUT STREET PIKE SIDEWALK FOR ALL AMERICAN STORAGE.pdf
ECP Box 433,WASHINGTON STREET - 2ND ALLEN CURB REPLACEMENT 93PW10,Batch 1\ECP Box 433\WASHINGTON STREET - 2ND ALLEN CURB REPLACEMENT 93PW10.pdf
ECP Box 433,SOUTHERN DRIVE - WALNUT HENDERSON,Batch 1\ECP Box 433\SOUTHERN DRIVE - WALNUT HENDERSON.pdf
ECP Box 433,SOUTHERN DRIVE,Batch 1\ECP Box 433\SOUTHERN DRIVE.pdf
ECP Box 433,SOUTH WALNUT,Batch 1\ECP Box 433\SOUTH WALNUT.pdf
ECP Box 433,WALNUT STREET PIKE SIDEWALK 93PW38,Batch 1\ECP Box 433\WALNUT STREET PIKE SIDEWALK 93PW38.pdf
ECP Box 433,SOUTH WALNUT PHASE II MONTHLY PROGRESS REPORTS,Batch 1\ECP Box 433\SOUTH WALNUT PHASE II MONTHLY PROGRESS REPORTS.pdf
ECP Box 433,"SOUTH WALNUT PHADE I, II & III","Batch 1\ECP Box 433\SOUTH WALNUT PHADE I, II & III.pdf"
ECP Box 433,WALNUT TRAFFIC COUNTS,Batch 1\ECP Box 433\WALNUT TRAFFIC COUNTS.pdf
ECP Box 433,SOUTH WALNUT PHASE I (NOTES & SUCH - JUNE 92),Batch 1\ECP Box 433\SOUTH WALNUT PHASE I (NOTES & SUCH - JUNE 92).pdf
ECP Box 433,SOUTH WALNUT STREET BUSINESS,Batch 1\ECP Box 433\SOUTH WALNUT STREET BUSINESS.pdf
ECP Box 433,SOUTH WALNUT STREET CORRIDOR,Batch 1\ECP Box 433\SOUTH WALNUT STREET CORRIDOR.pdf
ECP Box 433,WASHINGTON & LINCOLN,Batch 1\ECP Box 433\WASHINGTON & LINCOLN.pdf
ECP Box 433,WALNUT STREET,Batch 1\ECP Box 433\WALNUT STREET.pdf
ECP Box 433,WALNUT STREET UTILITIES,Batch 1\ECP Box 433\WALNUT STREET UTILITIES.pdf
ECP Box 433,"WALNUT STREET, SOUTH PHASE II UTILITIES","Batch 1\ECP Box 433\WALNUT STREET, SOUTH PHASE II UTILITIES.pdf"
ECP Box 433,WINSLOW SPORT COMPLEX - DITCH,Batch 1\ECP Box 433\WINSLOW SPORT COMPLEX - DITCH.pdf
ECP Box 433,WOODLANDS ENTRANCE,Batch 1\ECP Box 433\WOODLANDS ENTRANCE.pdf
ECP Box 433,WOODLAWN PARKING LOT,Batch 1\ECP Box 433\WOODLAWN PARKING LOT.pdf
ECP Box 433,95 SOUTH WOODLAWN SIDEWALK,Batch 1\ECP Box 433\95 SOUTH WOODLAWN SIDEWALK.pdf
ECP Box 433,WINSTON THOMAS SAN TRKS SALT STORAGE,Batch 1\ECP Box 433\WINSTON THOMAS SAN TRKS SALT STORAGE.pdf
ECP Box 434,WALNUT PARKING GARAGE,Batch 1\ECP Box 434\WALNUT PARKING GARAGE.pdf
ECP Box 434,WALNUT GARAGE OPERATION,Batch 1\ECP Box 434\WALNUT GARAGE OPERATION.pdf
ECP Box 434,WALNUT CENTER OPERATION,Batch 1\ECP Box 434\WALNUT CENTER OPERATION.pdf
ECP Box 434,PARKING GARAGE,Batch 1\ECP Box 434\PARKING GARAGE.pdf
ECP Box 434,WALNUT STREET PARKING,Batch 1\ECP Box 434\WALNUT STREET PARKING.pdf
ECP Box 434,WALNUT STREET PARKING,Batch 1\ECP Box 434\WALNUT STREET PARKING_01.pdf
ECP Box 434,"ALT & WITZIG ENGINEERING, INCORPORATED","Batch 1\ECP Box 434\ALT & WITZIG ENGINEERING, INCORPORATED.pdf"
ECP Box 434,SPECIFICATIONS AND TECHNICAL DETAILS FOR MAYFLOWER PARKING LOT,Batch 1\ECP Box 434\SPECIFICATIONS AND TECHNICAL DETAILS FOR MAYFLOWER PARKING LOT.pdf
ECP Box 434,MONICAL ASSOCIATES INCORPORATED,Batch 1\ECP Box 434\MONICAL ASSOCIATES INCORPORATED.pdf
ECP Box 434,PARKING GARAGES,Batch 1\ECP Box 434\PARKING GARAGES.pdf
ECP Box 434,WALNUT GARAGE OPERATION AND MAINTENANCE,Batch 1\ECP Box 434\WALNUT GARAGE OPERATION AND MAINTENANCE.pdf
ECP Box 434,WALNUT PARKING MAINTENANCE PROGRAM,Batch 1\ECP Box 434\WALNUT PARKING MAINTENANCE PROGRAM.pdf
ECP Box 434,MISC GARAGE,Batch 1\ECP Box 434\MISC GARAGE.pdf
ECP Box 434,BLOOMINGTON PARK GARAGE PLAN 1980,Batch 1\ECP Box 434\BLOOMINGTON PARK GARAGE PLAN 1980.pdf
ECP Box 436,COLLEGE MALL ROAD FINAL CONSTRUCTION RECORDS,Batch 1\ECP Box 436\COLLEGE MALL ROAD FINAL CONSTRUCTION RECORDS.pdf
ECP Box 436,"3RD, 5TH AND ADAMS FINAL CONSTRUCTION RECORDS","Batch 1\ECP Box 436\3RD, 5TH AND ADAMS FINAL CONSTRUCTION RECORDS.pdf"
ECP Box 436,FINAL CONSTRUCTION RECORDS CLARIZZ BOULEVARD,Batch 1\ECP Box 436\FINAL CONSTRUCTION RECORDS CLARIZZ BOULEVARD.pdf
ECP Box 436,"3RD, 5TH ADAMS DAILY REPORTS","Batch 1\ECP Box 436\3RD, 5TH ADAMS DAILY REPORTS.pdf"
ECP Box 436,ROGERS SIDE PATH,Batch 1\ECP Box 436\ROGERS SIDE PATH.pdf
ECP Box 436,CAC 11-16-11 MISC,Batch 1\ECP Box 436\CAC 11-16-11 MISC.pdf
ECP Box 436,"BYNUM FANYO & ASSOCIATES, INC ARCHITECTURE CIVIL ENGINEERING PLANNING","Batch 1\ECP Box 436\BYNUM FANYO & ASSOCIATES, INC ARCHITECTURE CIVIL ENGINEERING PLANNING.pdf"
ECP Box 436,STATEMENT OF QUALIFICATIONS AND PROPOSAL FOR TEMP FT INSPCTN SVCS,Batch 1\ECP Box 436\STATEMENT OF QUALIFICATIONS AND PROPOSAL FOR TEMP FT INSPCTN SVCS.pdf
ECP Box 436,PROPOSAL FOR CONSTRUCTION ENGINEERING SVCS-THOMPSON TRUCK ROUTE PHASE 1,Batch 1\ECP Box 436\PROPOSAL FOR CONSTRUCTION ENGINEERING SVCS-THOMPSON TRUCK ROUTE PHASE 1.pdf
ECP Box 436,SUPPLEMENTAL TRAFFIC STUDY FOR W KIRKWOOD AVE IMPROVEMENT PROJECT,Batch 1\ECP Box 436\SUPPLEMENTAL TRAFFIC STUDY FOR W KIRKWOOD AVE IMPROVEMENT PROJECT.pdf
ECP Box 436,REAL ESTATE APPRAISAL REPORT,Batch 1\ECP Box 436\REAL ESTATE APPRAISAL REPORT.pdf
ECP Box 436,FIGG APPRAISAL CORPORATION-GATES DRIVE,Batch 1\ECP Box 436\FIGG APPRAISAL CORPORATION-GATES DRIVE.pdf
ECP Box 436,FIGG APPRAISAL CORPORATION-REGESTER PARKING GARAGE,Batch 1\ECP Box 436\FIGG APPRAISAL CORPORATION-REGESTER PARKING GARAGE.pdf
ECP Box 436,REAL ESTATE APPRAISAL REPORT,Batch 1\ECP Box 436\REAL ESTATE APPRAISAL REPORT_01.pdf
ECP Box 437,TAPP PHASE III FIELD PLAN SAT,Batch 1\ECP Box 437\TAPP PHASE III FIELD PLAN SAT.pdf
ECP Box 437,TAPP III CO#2,Batch 1\ECP Box 437\TAPP III CO#2.pdf
ECP Box 437,TAPP MISC PHASE III,Batch 1\ECP Box 437\TAPP MISC PHASE III.pdf
ECP Box 437,TAPP PHASE II MISC,Batch 1\ECP Box 437\TAPP PHASE II MISC.pdf
ECP Box 437,TAPP PHASE III PURCHASE ORDERS,Batch 1\ECP Box 437\TAPP PHASE III PURCHASE ORDERS.pdf
ECP Box 437,CAC 4-27-11,Batch 1\ECP Box 437\CAC 4-27-11.pdf
ECP Box 438,LANDMARK CULVERT,Batch 1\ECP Box 438\LANDMARK CULVERT.pdf
ECP Box 438,ENVIRONMENTAL,Batch 1\ECP Box 438\ENVIRONMENTAL.pdf
ECP Box 438,ORD 08,Batch 1\ECP Box 438\ORD 08.pdf
ECP Box 438,HELMS 2 LOT SUBDIVISIONS,Batch 1\ECP Box 438\HELMS 2 LOT SUBDIVISIONS.pdf
ECP Box 438,GRAHAM DRIVE PLAT,Batch 1\ECP Box 438\GRAHAM DRIVE PLAT.pdf
ECP Box 438,BOB HALL ROW,Batch 1\ECP Box 438\BOB HALL ROW.pdf
ECP Box 438,ROGERS TEMPORARY ROW,Batch 1\ECP Box 438\ROGERS TEMPORARY ROW.pdf
ECP Box 438,JAMES REEF 1808 SOUTH ROGERS STREET,Batch 1\ECP Box 438\JAMES REEF 1808 SOUTH ROGERS STREET.pdf
ECP Box 438,SOUTH HIGH ADDITION,Batch 1\ECP Box 438\SOUTH HIGH ADDITION.pdf
ECP Box 438,ROB-BEN MAR 2ND ADDITION,Batch 1\ECP Box 438\ROB-BEN MAR 2ND ADDITION.pdf
ECP Box 438,KINSER BYPASS ROW,Batch 1\ECP Box 438\KINSER BYPASS ROW.pdf
ECP Box 438,"PARCEL 16 KRETZSCHMER, LEON ET UX SOUTH ROGER STREET","Batch 1\ECP Box 438\PARCEL 16 KRETZSCHMER, LEON ET UX SOUTH ROGER STREET.pdf"
ECP Box 438,"ROGERS GROUP, INCORPORATED 1212 WEST SECOND STREET V-5-85 LOT SIZE VARIANC DETERMINATE SIDEWALK","Batch 1\ECP Box 438\ROGERS GROUP, INCORPORATED 1212 WEST SECOND STREET V-5-85 LOT SIZE VARIANC DETERMINATE SIDEWALK.pdf"
ECP Box 438,"PARCEL NUMBER 84, 84A, 84B, & 84C COSTER, BENNY W","Batch 1\ECP Box 438\PARCEL NUMBER 84, 84A, 84B, & 84C COSTER, BENNY W.pdf"
ECP Box 438,3000 EAST 3RD STREET TEMPORARY ROW,Batch 1\ECP Box 438\3000 EAST 3RD STREET TEMPORARY ROW.pdf
ECP Box 438,2008 SIDEWALK COUNCIL PACKET,Batch 1\ECP Box 438\2008 SIDEWALK COUNCIL PACKET.pdf
ECP Box 439,COMMUNITY DEVELOPMENT BLOCK GRANT APPLICATIONS PACKET '93 BILL RIGGERT PO BOX 100 BLOOMINGTON INDIANA 47402,Batch 1\ECP Box 439\COMMUNITY DEVELOPMENT BLOCK GRANT APPLICATIONS PACKET '93 BILL RIGGERT PO BOX 100 BLOOMINGTON INDIANA 47402.pdf
ECP Box 439,BOARD OF WORKS,Batch 1\ECP Box 439\BOARD OF WORKS.pdf
ECP Box 439,SOUTH CENTRAL COMMUNITY RECREATION FACILITY,Batch 1\ECP Box 439\SOUTH CENTRAL COMMUNITY RECREATION FACILITY.pdf
ECP Box 439,CITY VS HANNA,Batch 1\ECP Box 439\CITY VS HANNA.pdf
ECP Box 439,PETE ELLIS AT WOODBRIDGE APARTMENTS,Batch 1\ECP Box 439\PETE ELLIS AT WOODBRIDGE APARTMENTS.pdf
ECP Box 439,DAVIS STREET - OPEN CHANNEL ZUBER BY CITY OF BLOOMINGTON,Batch 1\ECP Box 439\DAVIS STREET - OPEN CHANNEL ZUBER BY CITY OF BLOOMINGTON.pdf
ECP Box 439,BYNUM FANYO & ASSOCIATES - 1993,Batch 1\ECP Box 439\BYNUM FANYO & ASSOCIATES - 1993.pdf
ECP Box 439,BOARD OF WORKS,Batch 1\ECP Box 439\BOARD OF WORKS_01.pdf
ECP Box 439,RACHEL'S GLEN - BILL HAEBERLE,Batch 1\ECP Box 439\RACHEL'S GLEN - BILL HAEBERLE.pdf
ECP Box 439,HUNTER AT EASTSIDE DRIVE - ROW IMPROVEMENTS,Batch 1\ECP Box 439\HUNTER AT EASTSIDE DRIVE - ROW IMPROVEMENTS.pdf
ECP Box 439,MUNICIPAL BUILDING REHAB STATE EMPLOYMENT OFFICE,Batch 1\ECP Box 439\MUNICIPAL BUILDING REHAB STATE EMPLOYMENT OFFICE.pdf
ECP Box 439,DAVE PREP CONTECH,Batch 1\ECP Box 439\DAVE PREP CONTECH.pdf
ECP Box 439,COPIED ENGINEER DEPARTMENT LETTERS - 1993,Batch 1\ECP Box 439\COPIED ENGINEER DEPARTMENT LETTERS - 1993.pdf
ECP Box 439,PROJECT 94PW07 SIGNALIZED INTERSECTION UPGRADES,Batch 1\ECP Box 439\PROJECT 94PW07 SIGNALIZED INTERSECTION UPGRADES.pdf
ECP Box 439,MIDDLE WAY - SOUTH WASHINGTON STREET,Batch 1\ECP Box 439\MIDDLE WAY - SOUTH WASHINGTON STREET.pdf
ECP Box 439,DRAINAGE COMPLAINTS,Batch 1\ECP Box 439\DRAINAGE COMPLAINTS.pdf
ECP Box 439,REDEVELOPMENT - 1993,Batch 1\ECP Box 439\REDEVELOPMENT - 1993.pdf
ECP Box 439,PLAN COMMISSION - NOTES,Batch 1\ECP Box 439\PLAN COMMISSION - NOTES.pdf
ECP Box 439,LAKE LEMON,Batch 1\ECP Box 439\LAKE LEMON.pdf
ECP Box 439,MONROE COUNTY VISITORS BUREAU,Batch 1\ECP Box 439\MONROE COUNTY VISITORS BUREAU.pdf
ECP Box 439,PUBLIC HEALTH NURSING - MILLER DRIVE,Batch 1\ECP Box 439\PUBLIC HEALTH NURSING - MILLER DRIVE.pdf
ECP Box 439,GENERAL ELECTRIC,Batch 1\ECP Box 439\GENERAL ELECTRIC.pdf
ECP Box 439,ADA - INFORMATIOIN,Batch 1\ECP Box 439\ADA - INFORMATIOIN.pdf
ECP Box 439,BLOOMINGTON MUNICIPAL FACILITIES CORPORATION,Batch 1\ECP Box 439\BLOOMINGTON MUNICIPAL FACILITIES CORPORATION.pdf
ECP Box 439,DEVELOPMENT REVIEW - 1993,Batch 1\ECP Box 439\DEVELOPMENT REVIEW - 1993.pdf
ECP Box 439,DEPARTMENT HEADS - 1993,Batch 1\ECP Box 439\DEPARTMENT HEADS - 1993.pdf
ECP Box 439,ACTION ORDERS,Batch 1\ECP Box 439\ACTION ORDERS.pdf
ECP Box 439,BOARD OF PUBLIC WORKS - 1994,Batch 1\ECP Box 439\BOARD OF PUBLIC WORKS - 1994.pdf
ECP Box 439,PW STAFF MEETINGS,Batch 1\ECP Box 439\PW STAFF MEETINGS.pdf
ECP Box 439,MAYFLOWER SITE DESIGN AGREEMENT & PAYMENTS,Batch 1\ECP Box 439\MAYFLOWER SITE DESIGN AGREEMENT & PAYMENTS.pdf
ECP Box 439,THIRD-ATWATER - HIGH-CLIFTON,Batch 1\ECP Box 439\THIRD-ATWATER - HIGH-CLIFTON.pdf
ECP Box 439,SCHMALE ROW PROJECTION SARE ROAD & ROGERS,Batch 1\ECP Box 439\SCHMALE ROW PROJECTION SARE ROAD & ROGERS.pdf
ECP Box 439,ASBESTOS,Batch 1\ECP Box 439\ASBESTOS.pdf
ECP Box 439,ASSISTANT UTILITIES DIRECTOR,Batch 1\ECP Box 439\ASSISTANT UTILITIES DIRECTOR.pdf
ECP Box 439,CAC 1993-1994,Batch 1\ECP Box 439\CAC 1993-1994.pdf
ECP Box 439,ANNEXATIONS - 93-94,Batch 1\ECP Box 439\ANNEXATIONS - 93-94.pdf
ECP Box 439,SARE ROAD IMPROVEMENTS 93PW03-04,Batch 1\ECP Box 439\SARE ROAD IMPROVEMENTS 93PW03-04.pdf
ECP Box 439,NOTES & SO FORTH,Batch 1\ECP Box 439\NOTES & SO FORTH.pdf
ECP Box 439,MORE - NOTES & SO FORTH,Batch 1\ECP Box 439\MORE - NOTES & SO FORTH.pdf
ECP Box 439,GE ACCESS ROAD CONTRACT,Batch 1\ECP Box 439\GE ACCESS ROAD CONTRACT.pdf
ECP Box 439,STAFF MEETING - ENGINEERING DEPARTMENT 1993,Batch 1\ECP Box 439\STAFF MEETING - ENGINEERING DEPARTMENT 1993.pdf
